,Date,NYA
0,2010-01-04,7326.740234375
1,2010-01-05,7354.8701171875
2,2010-01-06,7377.7001953125
3,2010-01-07,7393.93017578125
4,2010-01-08,7425.35009765625
5,2010-01-11,7449.0498046875
6,2010-01-12,7370.4501953125
7,2010-01-13,7430.14013671875
8,2010-01-14,7448.52001953125
9,2010-01-15,7356.7900390625
10,2010-01-19,7443.68017578125
11,2010-01-20,7329.830078125
12,2010-01-21,7174.4599609375
13,2010-01-22,7140.919921875
14,2010-01-25,7073.1298828125
15,2010-01-26,7028.31982421875
16,2010-01-27,7035.60986328125
17,2010-01-28,6956.990234375
18,2010-01-29,6883.77978515625
19,2010-02-01,7008.22998046875
20,2010-02-02,7101.43994140625
21,2010-02-03,7042.6201171875
22,2010-02-04,6787.85986328125
23,2010-02-05,6782.75
24,2010-02-08,6713.8701171875
25,2010-02-09,6835.16015625
26,2010-02-10,6819.1201171875
27,2010-02-11,6898.72021484375
28,2010-02-12,6874.56005859375
29,2010-02-16,7013.35009765625
30,2010-02-17,7035.2001953125
31,2010-02-18,7080.3798828125
32,2010-02-19,7083.25
33,2010-02-22,7078.52978515625
34,2010-02-23,6974.60009765625
35,2010-02-24,7030.669921875
36,2010-02-25,7013.4501953125
37,2010-02-26,7035.0400390625
38,2010-03-01,7100.75
39,2010-03-02,7135.97021484375
40,2010-03-03,7164.66015625
41,2010-03-04,7173.06982421875
42,2010-03-05,7291.31005859375
43,2010-03-08,7292.52978515625
44,2010-03-09,7294.02001953125
45,2010-03-10,7327.669921875
46,2010-03-11,7353.240234375
47,2010-03-12,7362.85009765625
48,2010-03-15,7350.9599609375
49,2010-03-16,7426.7001953125
50,2010-03-17,7474.1298828125
51,2010-03-18,7443.56982421875
52,2010-03-19,7386.85009765625
53,2010-03-22,7419.02001953125
54,2010-03-23,7478.759765625
55,2010-03-24,7422.41015625
56,2010-03-25,7385.60009765625
57,2010-03-26,7403.580078125
58,2010-03-29,7445.52978515625
59,2010-03-30,7460.72021484375
60,2010-03-31,7450.7998046875
61,2010-04-01,7539.02001953125
62,2010-04-05,7600.93017578125
63,2010-04-06,7604.43994140625
64,2010-04-07,7546.18017578125
65,2010-04-08,7565.330078125
66,2010-04-09,7629.0498046875
67,2010-04-12,7641.75
68,2010-04-13,7622.89990234375
69,2010-04-14,7728.9599609375
70,2010-04-15,7719.66015625
71,2010-04-16,7584.6201171875
72,2010-04-19,7596.56005859375
73,2010-04-20,7669.10986328125
74,2010-04-21,7644.669921875
75,2010-04-22,7642.830078125
76,2010-04-23,7701.60986328125
77,2010-04-26,7677.64990234375
78,2010-04-27,7463.08984375
79,2010-04-28,7499.72021484375
80,2010-04-29,7589.2900390625
81,2010-04-30,7474.39990234375
82,2010-05-03,7543.1201171875
83,2010-05-04,7337.25
84,2010-05-05,7258.02001953125
85,2010-05-06,7011.919921875
86,2010-05-07,6916.18017578125
87,2010-05-10,7257.6201171875
88,2010-05-11,7221.66015625
89,2010-05-12,7316.35986328125
90,2010-05-13,7234.3701171875
91,2010-05-14,7077.64013671875
92,2010-05-17,7063.830078125
93,2010-05-18,6959.2099609375
94,2010-05-19,6927.2099609375
95,2010-05-20,6653.0
96,2010-05-21,6775.4501953125
97,2010-05-24,6666.740234375
98,2010-05-25,6665.830078125
99,2010-05-26,6631.35986328125
100,2010-05-27,6893.2900390625
101,2010-05-28,6791.56982421875
102,2010-06-01,6661.10009765625
103,2010-06-02,6839.60986328125
104,2010-06-03,6860.39013671875
105,2010-06-04,6600.27001953125
106,2010-06-07,6512.419921875
107,2010-06-08,6596.1201171875
108,2010-06-09,6559.7099609375
109,2010-06-10,6783.509765625
110,2010-06-11,6814.759765625
111,2010-06-14,6817.97021484375
112,2010-06-15,6989.8798828125
113,2010-06-16,6976.080078125
114,2010-06-17,6982.0400390625
115,2010-06-18,6988.240234375
116,2010-06-21,6978.85986328125
117,2010-06-22,6858.9501953125
118,2010-06-23,6850.0498046875
119,2010-06-24,6730.240234375
120,2010-06-25,6763.93017578125
121,2010-06-28,6736.60009765625
122,2010-06-29,6520.08984375
123,2010-06-30,6469.64990234375
124,2010-07-01,6462.02978515625
125,2010-07-02,6434.81005859375
126,2010-07-06,6486.1201171875
127,2010-07-07,6685.77978515625
128,2010-07-08,6755.81005859375
129,2010-07-09,6808.7099609375
130,2010-07-12,6794.47998046875
131,2010-07-13,6907.77978515625
132,2010-07-14,6903.35986328125
133,2010-07-15,6916.81005859375
134,2010-07-16,6709.509765625
135,2010-07-19,6739.64013671875
136,2010-07-20,6820.0400390625
137,2010-07-21,6731.16015625
138,2010-07-22,6901.91015625
139,2010-07-23,6965.10986328125
140,2010-07-26,7046.0
141,2010-07-27,7044.990234375
142,2010-07-28,6999.18017578125
143,2010-07-29,6994.56982421875
144,2010-07-30,6998.990234375
145,2010-08-02,7174.89990234375
146,2010-08-03,7146.990234375
147,2010-08-04,7182.14013671875
148,2010-08-05,7174.27001953125
149,2010-08-06,7153.72021484375
150,2010-08-09,7188.2998046875
151,2010-08-10,7139.75
152,2010-08-11,6902.7099609375
153,2010-08-12,6881.93994140625
154,2010-08-13,6861.0400390625
155,2010-08-16,6871.580078125
156,2010-08-17,6959.7900390625
157,2010-08-18,6968.080078125
158,2010-08-19,6850.4501953125
159,2010-08-20,6813.14990234375
160,2010-08-23,6784.97021484375
161,2010-08-24,6681.02978515625
162,2010-08-25,6696.1201171875
163,2010-08-26,6665.259765625
164,2010-08-27,6794.91015625
165,2010-08-30,6695.27978515625
166,2010-08-31,6704.14990234375
167,2010-09-01,6910.97998046875
168,2010-09-02,6966.25
169,2010-09-03,7055.02978515625
170,2010-09-07,6959.93994140625
171,2010-09-08,6999.93994140625
172,2010-09-09,7034.3701171875
173,2010-09-10,7067.509765625
174,2010-09-13,7156.18017578125
175,2010-09-14,7162.080078125
176,2010-09-15,7179.7900390625
177,2010-09-16,7169.47998046875
178,2010-09-17,7154.64990234375
179,2010-09-20,7266.02001953125
180,2010-09-21,7245.9501953125
181,2010-09-22,7210.85009765625
182,2010-09-23,7141.509765625
183,2010-09-24,7301.0400390625
184,2010-09-27,7263.3701171875
185,2010-09-28,7310.31982421875
186,2010-09-29,7299.31005859375
187,2010-09-30,7281.06982421875
188,2010-10-01,7335.91015625
189,2010-10-04,7272.52978515625
190,2010-10-05,7434.18017578125
191,2010-10-06,7448.330078125
192,2010-10-07,7425.009765625
193,2010-10-08,7478.419921875
194,2010-10-11,7479.009765625
195,2010-10-12,7489.6201171875
196,2010-10-13,7561.5
197,2010-10-14,7546.58984375
198,2010-10-15,7520.60009765625
199,2010-10-18,7571.10009765625
200,2010-10-19,7423.64990234375
201,2010-10-20,7523.81005859375
202,2010-10-21,7515.669921875
203,2010-10-22,7522.91015625
204,2010-10-25,7566.72998046875
205,2010-10-26,7530.7998046875
206,2010-10-27,7480.8701171875
207,2010-10-28,7504.85009765625
208,2010-10-29,7513.35009765625
209,2010-11-01,7509.2099609375
210,2010-11-02,7582.14013671875
211,2010-11-03,7608.41015625
212,2010-11-04,7782.43017578125
213,2010-11-05,7800.66015625
214,2010-11-08,7782.2001953125
215,2010-11-09,7702.31005859375
216,2010-11-10,7747.4599609375
217,2010-11-11,7723.240234375
218,2010-11-12,7623.240234375
219,2010-11-15,7617.509765625
220,2010-11-16,7472.6298828125
221,2010-11-17,7488.759765625
222,2010-11-18,7619.93994140625
223,2010-11-19,7641.080078125
224,2010-11-22,7610.2998046875
225,2010-11-23,7470.77001953125
226,2010-11-24,7579.259765625
227,2010-11-26,7500.5400390625
228,2010-11-29,7483.33984375
229,2010-11-30,7430.93994140625
230,2010-12-01,7603.72998046875
231,2010-12-02,7712.25
232,2010-12-03,7751.580078125
233,2010-12-06,7740.68994140625
234,2010-12-07,7739.64013671875
235,2010-12-08,7750.31982421875
236,2010-12-09,7782.14013671875
237,2010-12-10,7823.2998046875
238,2010-12-13,7850.02001953125
239,2010-12-14,7855.22021484375
240,2010-12-15,7798.77978515625
241,2010-12-16,7840.240234375
242,2010-12-17,7835.31005859375
243,2010-12-20,7846.9599609375
244,2010-12-21,7906.10009765625
245,2010-12-22,7931.759765625
246,2010-12-23,7925.35986328125
247,2010-12-27,7920.93994140625
248,2010-12-28,7931.669921875
249,2010-12-29,7961.47998046875
250,2010-12-30,7951.91015625
251,2010-12-31,7964.02001953125
252,2011-01-03,8043.97021484375
253,2011-01-04,8022.18017578125
254,2011-01-05,8040.0400390625
255,2011-01-06,8000.89990234375
256,2011-01-07,7980.31982421875
257,2011-01-10,7966.08984375
258,2011-01-11,8018.68017578125
259,2011-01-12,8122.97998046875
260,2011-01-13,8119.43017578125
261,2011-01-14,8174.1201171875
262,2011-01-18,8190.91015625
263,2011-01-19,8104.919921875
264,2011-01-20,8076.72021484375
265,2011-01-21,8105.75
266,2011-01-24,8157.419921875
267,2011-01-25,8141.1298828125
268,2011-01-26,8193.6396484375
269,2011-01-27,8207.0595703125
270,2011-01-28,8062.64013671875
271,2011-01-31,8139.16015625
272,2011-02-01,8290.08984375
273,2011-02-02,8272.5703125
274,2011-02-03,8289.0498046875
275,2011-02-04,8288.5
276,2011-02-07,8336.6396484375
277,2011-02-08,8379.849609375
278,2011-02-09,8343.990234375
279,2011-02-10,8337.1298828125
280,2011-02-11,8374.8896484375
281,2011-02-14,8405.150390625
282,2011-02-15,8383.669921875
283,2011-02-16,8453.759765625
284,2011-02-17,8497.41015625
285,2011-02-18,8507.900390625
286,2011-02-22,8325.8603515625
287,2011-02-23,8292.919921875
288,2011-02-24,8276.2900390625
289,2011-02-25,8378.0400390625
290,2011-02-28,8438.5498046875
291,2011-03-01,8315.849609375
292,2011-03-02,8338.759765625
293,2011-03-03,8338.759765625
294,2011-03-04,8338.759765625
295,2011-03-07,8338.759765625
296,2011-03-08,8338.759765625
297,2011-03-09,8338.759765625
298,2011-03-10,8338.759765625
299,2011-03-11,8338.759765625
300,2011-03-14,8193.9599609375
301,2011-03-15,8092.10986328125
302,2011-03-16,7929.8701171875
303,2011-03-17,8064.85986328125
304,2011-03-18,8116.39990234375
305,2011-03-21,8248.2197265625
306,2011-03-22,8228.41015625
307,2011-03-23,8248.830078125
308,2011-03-24,8311.6103515625
309,2011-03-25,8321.7802734375
310,2011-03-28,8296.51953125
311,2011-03-29,8345.3798828125
312,2011-03-30,8416.6904296875
313,2011-03-31,8404.98046875
314,2011-04-01,8469.33984375
315,2011-04-04,8482.41015625
316,2011-04-05,8488.3896484375
317,2011-04-06,8508.23046875
318,2011-04-07,8489.330078125
319,2011-04-08,8483.9404296875
320,2011-04-11,8445.76953125
321,2011-04-12,8360.4599609375
322,2011-04-13,8367.3095703125
323,2011-04-14,8374.16015625
324,2011-04-15,8400.3095703125
325,2011-04-18,8277.1103515625
326,2011-04-19,8332.0302734375
327,2011-04-20,8457.650390625
328,2011-04-21,8504.3603515625
329,2011-04-25,8485.25
330,2011-04-26,8554.990234375
331,2011-04-27,8609.2802734375
332,2011-04-28,8639.73046875
333,2011-04-29,8671.41015625
334,2011-05-02,8649.6103515625
335,2011-05-03,8584.6796875
336,2011-05-04,8506.6103515625
337,2011-05-05,8397.400390625
338,2011-05-06,8425.900390625
339,2011-05-09,8478.1904296875
340,2011-05-10,8550.490234375
341,2011-05-11,8428.08984375
342,2011-05-12,8456.1796875
343,2011-05-13,8371.669921875
344,2011-05-16,8336.58984375
345,2011-05-17,8333.0703125
346,2011-05-18,8407.48046875
347,2011-05-19,8427.9501953125
348,2011-05-20,8357.5302734375
349,2011-05-23,8236.5498046875
350,2011-05-24,8252.4599609375
351,2011-05-25,8295.3701171875
352,2011-05-26,8341.66015625
353,2011-05-27,8386.33984375
354,2011-05-31,8477.2802734375
355,2011-06-01,8281.58984375
356,2011-06-02,8277.759765625
357,2011-06-03,8222.150390625
358,2011-06-06,8115.8701171875
359,2011-06-07,8131.68994140625
360,2011-06-08,8081.35009765625
361,2011-06-09,8149.64990234375
362,2011-06-10,8016.39013671875
363,2011-06-13,8017.06005859375
364,2011-06-14,8132.77001953125
365,2011-06-15,7967.81005859375
366,2011-06-16,7963.60009765625
367,2011-06-17,8000.10986328125
368,2011-06-20,8032.22021484375
369,2011-06-21,8156.27001953125
370,2011-06-22,8101.83984375
371,2011-06-23,8054.080078125
372,2011-06-24,7974.72021484375
373,2011-06-27,8031.080078125
374,2011-06-28,8135.97998046875
375,2011-06-29,8228.5
376,2011-06-30,8319.099609375
377,2011-07-01,8425.48046875
378,2011-07-05,8404.6298828125
379,2011-07-06,8396.48046875
380,2011-07-07,8476.1298828125
381,2011-07-08,8410.1904296875
382,2011-07-11,8228.73046875
383,2011-07-12,8192.75
384,2011-07-13,8246.7998046875
385,2011-07-14,8191.1298828125
386,2011-07-15,8227.0400390625
387,2011-07-18,8135.52978515625
388,2011-07-19,8254.3798828125
389,2011-07-20,8281.830078125
390,2011-07-21,8411.4501953125
391,2011-07-22,8408.2001953125
392,2011-07-25,8357.5703125
393,2011-07-26,8331.669921875
394,2011-07-27,8153.2099609375
395,2011-07-28,8124.02978515625
396,2011-07-29,8079.43994140625
397,2011-08-01,8040.93017578125
398,2011-08-02,7831.97998046875
399,2011-08-03,7853.2001953125
400,2011-08-04,7428.39990234375
401,2011-08-05,7419.06982421875
402,2011-08-08,6895.97021484375
403,2011-08-09,7258.0400390625
404,2011-08-10,6938.22998046875
405,2011-08-11,7257.580078125
406,2011-08-12,7303.8798828125
407,2011-08-15,7482.7099609375
408,2011-08-16,7394.490234375
409,2011-08-17,7418.93994140625
410,2011-08-18,7079.41015625
411,2011-08-19,6970.10009765625
412,2011-08-22,6980.6201171875
413,2011-08-23,7209.58984375
414,2011-08-24,7273.1298828125
415,2011-08-25,7149.669921875
416,2011-08-26,7245.81982421875
417,2011-08-29,7450.2998046875
418,2011-08-30,7464.0
419,2011-08-31,7528.39013671875
420,2011-09-01,7443.4599609375
421,2011-09-02,7250.72998046875
422,2011-09-06,7148.1298828125
423,2011-09-07,7355.169921875
424,2011-09-08,7257.35986328125
425,2011-09-09,7045.009765625
426,2011-09-12,7047.1201171875
427,2011-09-13,7109.9501953125
428,2011-09-14,7199.1201171875
429,2011-09-15,7329.10009765625
430,2011-09-16,7348.18017578125
431,2011-09-19,7234.6298828125
432,2011-09-20,7217.52001953125
433,2011-09-21,6981.330078125
434,2011-09-22,6726.6201171875
435,2011-09-23,6770.72998046875
436,2011-09-26,6940.81005859375
437,2011-09-27,7043.1201171875
438,2011-09-28,6876.93994140625
439,2011-09-29,6974.91015625
440,2011-09-30,6791.64990234375
441,2011-10-03,6574.2900390625
442,2011-10-04,6722.97998046875
443,2011-10-05,6844.16015625
444,2011-10-06,6997.64013671875
445,2011-10-07,6925.7998046875
446,2011-10-10,7173.4501953125
447,2011-10-11,7161.259765625
448,2011-10-12,7263.68994140625
449,2011-10-13,7229.080078125
450,2011-10-14,7350.4599609375
451,2011-10-17,7188.66015625
452,2011-10-18,7341.72998046875
453,2011-10-19,7240.259765625
454,2011-10-20,7273.89990234375
455,2011-10-21,7431.10009765625
456,2011-10-24,7547.6298828125
457,2011-10-25,7400.81982421875
458,2011-10-26,7506.14990234375
459,2011-10-27,7813.990234375
460,2011-10-28,7803.93994140625
461,2011-10-31,7565.02978515625
462,2011-11-01,7337.14013671875
463,2011-11-02,7461.16015625
464,2011-11-03,7605.14013671875
465,2011-11-04,7552.22998046875
466,2011-11-07,7590.43017578125
467,2011-11-08,7671.91015625
468,2011-11-09,7353.4501953125
469,2011-11-10,7423.68017578125
470,2011-11-11,7576.18017578125
471,2011-11-14,7493.2998046875
472,2011-11-15,7509.0498046875
473,2011-11-16,7392.02001953125
474,2011-11-17,7274.14990234375
475,2011-11-18,7282.47021484375
476,2011-11-21,7134.47021484375
477,2011-11-22,7094.89013671875
478,2011-11-23,6919.919921875
479,2011-11-25,6898.18017578125
480,2011-11-28,7120.5498046875
481,2011-11-29,7149.7099609375
482,2011-11-30,7484.5
483,2011-12-01,7450.43017578125
484,2011-12-02,7453.5498046875
485,2011-12-05,7531.009765625
486,2011-12-06,7539.31982421875
487,2011-12-07,7559.7099609375
488,2011-12-08,7369.52001953125
489,2011-12-09,7502.8798828125
490,2011-12-12,7363.490234375
491,2011-12-13,7277.6201171875
492,2011-12-14,7184.75
493,2011-12-15,7217.10009765625
494,2011-12-16,7237.66015625
495,2011-12-19,7142.4501953125
496,2011-12-20,7360.97021484375
497,2011-12-21,7388.52001953125
498,2011-12-22,7460.75
499,2011-12-23,7518.66015625
500,2011-12-27,7508.3701171875
501,2011-12-28,7396.990234375
502,2011-12-29,7485.6298828125
503,2011-12-30,7477.02978515625
504,2012-01-03,7624.31982421875
505,2012-01-04,7612.14990234375
506,2012-01-05,7599.97021484375
507,2012-01-06,7557.68017578125
508,2012-01-09,7584.66015625
509,2012-01-10,7668.89990234375
510,2012-01-11,7661.97998046875
511,2012-01-12,7681.259765625
512,2012-01-13,7632.02978515625
513,2012-01-17,7670.47021484375
514,2012-01-18,7766.9501953125
515,2012-01-19,7819.3701171875
516,2012-01-20,7829.33984375
517,2012-01-23,7855.52001953125
518,2012-01-24,7840.64990234375
519,2012-01-25,7914.81005859375
520,2012-01-26,7883.89990234375
521,2012-01-27,7876.60986328125
522,2012-01-30,7834.39990234375
523,2012-01-31,7838.47998046875
524,2012-02-01,7931.4501953125
525,2012-02-02,7945.43017578125
526,2012-02-03,8060.43017578125
527,2012-02-06,8048.02978515625
528,2012-02-07,8069.7099609375
529,2012-02-08,8082.97998046875
530,2012-02-09,8081.25
531,2012-02-10,7992.02978515625
532,2012-02-13,8056.22998046875
533,2012-02-14,8029.6201171875
534,2012-02-15,7998.64990234375
535,2012-02-16,8092.18994140625
536,2012-02-17,8114.509765625
537,2012-02-21,8115.419921875
538,2012-02-22,8094.3798828125
539,2012-02-23,8136.240234375
540,2012-02-24,8151.97021484375
541,2012-02-27,8143.56005859375
542,2012-02-28,8171.5498046875
543,2012-02-29,8113.25
544,2012-03-01,8175.10009765625
545,2012-03-02,8125.18017578125
546,2012-03-05,8091.27001953125
547,2012-03-06,7920.14013671875
548,2012-03-07,7979.77978515625
549,2012-03-08,8082.3701171875
550,2012-03-09,8102.10009765625
551,2012-03-12,8086.27978515625
552,2012-03-13,8234.4697265625
553,2012-03-14,8185.31005859375
554,2012-03-15,8246.7197265625
555,2012-03-16,8270.41015625
556,2012-03-19,8297.4697265625
557,2012-03-20,8241.2802734375
558,2012-03-21,8219.33984375
559,2012-03-22,8141.330078125
560,2012-03-23,8180.06005859375
561,2012-03-26,8288.7900390625
562,2012-03-27,8239.3701171875
563,2012-03-28,8188.35009765625
564,2012-03-29,8166.3701171875
565,2012-03-30,8206.9296875
566,2012-04-02,8280.830078125
567,2012-04-03,8216.5400390625
568,2012-04-04,8106.7900390625
569,2012-04-05,8081.35009765625
570,2012-04-09,7992.31982421875
571,2012-04-10,7841.919921875
572,2012-04-11,7912.85009765625
573,2012-04-12,8039.9599609375
574,2012-04-13,7931.10009765625
575,2012-04-16,7949.56982421875
576,2012-04-17,8064.080078125
577,2012-04-18,8030.3701171875
578,2012-04-19,7995.919921875
579,2012-04-20,8025.52978515625
580,2012-04-23,7940.740234375
581,2012-04-24,7988.02001953125
582,2012-04-25,8070.77978515625
583,2012-04-26,8123.06982421875
584,2012-04-27,8151.91015625
585,2012-04-30,8119.06982421875
586,2012-05-01,8164.0400390625
587,2012-05-02,8124.330078125
588,2012-05-03,8049.89013671875
589,2012-05-04,7933.2998046875
590,2012-05-07,7948.77001953125
591,2012-05-08,7887.27001953125
592,2012-05-09,7820.259765625
593,2012-05-10,7852.75
594,2012-05-11,7815.89013671875
595,2012-05-14,7705.4501953125
596,2012-05-15,7635.81005859375
597,2012-05-16,7592.81982421875
598,2012-05-17,7480.43017578125
599,2012-05-18,7427.75
600,2012-05-21,7542.97998046875
601,2012-05-22,7542.580078125
602,2012-05-23,7540.89990234375
603,2012-05-24,7552.35986328125
604,2012-05-25,7534.330078125
605,2012-05-29,7615.0400390625
606,2012-05-30,7471.39990234375
607,2012-05-31,7463.9599609375
608,2012-06-01,7292.22998046875
609,2012-06-04,7285.52978515625
610,2012-06-05,7338.6298828125
611,2012-06-06,7517.4599609375
612,2012-06-07,7519.830078125
613,2012-06-08,7553.77001953125
614,2012-06-11,7459.27001953125
615,2012-06-12,7557.81982421875
616,2012-06-13,7506.419921875
617,2012-06-14,7582.830078125
618,2012-06-15,7664.27001953125
619,2012-06-18,7662.2900390625
620,2012-06-19,7766.259765625
621,2012-06-20,7757.919921875
622,2012-06-21,7566.10986328125
623,2012-06-22,7616.58984375
624,2012-06-25,7491.8701171875
625,2012-06-26,7527.08984375
626,2012-06-27,7598.0498046875
627,2012-06-28,7597.52001953125
628,2012-06-29,7801.83984375
629,2012-07-02,7832.22998046875
630,2012-07-03,7901.669921875
631,2012-07-05,7837.77978515625
632,2012-07-06,7756.6201171875
633,2012-07-09,7736.33984375
634,2012-07-10,7667.56982421875
635,2012-07-11,7685.3701171875
636,2012-07-12,7638.64990234375
637,2012-07-13,7758.68017578125
638,2012-07-16,7743.02001953125
639,2012-07-17,7794.77001953125
640,2012-07-18,7831.08984375
641,2012-07-19,7849.75
642,2012-07-20,7759.58984375
643,2012-07-23,7670.5400390625
644,2012-07-24,7590.6201171875
645,2012-07-25,7607.56005859375
646,2012-07-26,7754.509765625
647,2012-07-27,7912.169921875
648,2012-07-30,7911.0498046875
649,2012-07-31,7863.93994140625
650,2012-08-01,7840.77001953125
651,2012-08-02,7765.60009765625
652,2012-08-03,7939.5400390625
653,2012-08-06,7964.10009765625
654,2012-08-07,8017.7099609375
655,2012-08-08,8018.240234375
656,2012-08-09,8025.009765625
657,2012-08-10,8044.759765625
658,2012-08-13,8018.64013671875
659,2012-08-14,8019.52978515625
660,2012-08-15,8029.009765625
661,2012-08-16,8090.0
662,2012-08-17,8102.080078125
663,2012-08-20,8094.330078125
664,2012-08-21,8082.68017578125
665,2012-08-22,8074.22998046875
666,2012-08-23,8011.43994140625
667,2012-08-24,8047.8701171875
668,2012-08-27,8036.25
669,2012-08-28,8033.85009765625
670,2012-08-29,8031.64990234375
671,2012-08-30,7966.240234375
672,2012-08-31,8014.93017578125
673,2012-09-04,8002.31005859375
674,2012-09-05,7992.009765625
675,2012-09-06,8160.56005859375
676,2012-09-07,8234.509765625
677,2012-09-10,8192.400390625
678,2012-09-11,8246.150390625
679,2012-09-12,8267.3203125
680,2012-09-13,8407.0302734375
681,2012-09-14,8458.8798828125
682,2012-09-17,8408.9697265625
683,2012-09-18,8387.4404296875
684,2012-09-19,8400.490234375
685,2012-09-20,8372.91015625
686,2012-09-21,8377.509765625
687,2012-09-24,8356.5595703125
688,2012-09-25,8274.7802734375
689,2012-09-26,8221.3203125
690,2012-09-27,8303.740234375
691,2012-09-28,8251.0
692,2012-10-01,8284.3701171875
693,2012-10-02,8295.1103515625
694,2012-10-03,8297.5
695,2012-10-04,8376.33984375
696,2012-10-05,8384.0703125
697,2012-10-08,8359.1201171875
698,2012-10-09,8279.1103515625
699,2012-10-10,8229.169921875
700,2012-10-11,8256.58984375
701,2012-10-12,8227.080078125
702,2012-10-15,8293.5
703,2012-10-16,8386.4697265625
704,2012-10-17,8446.51953125
705,2012-10-18,8442.8203125
706,2012-10-19,8324.150390625
707,2012-10-22,8329.1904296875
708,2012-10-23,8195.3095703125
709,2012-10-24,8179.259765625
710,2012-10-25,8211.91015625
711,2012-10-26,8190.2001953125
712,2012-10-31,8221.3896484375
713,2012-11-01,8311.3603515625
714,2012-11-02,8234.91015625
715,2012-11-05,8240.259765625
716,2012-11-06,8312.349609375
717,2012-11-07,8138.81005859375
718,2012-11-08,8050.830078125
719,2012-11-09,8053.56982421875
720,2012-11-12,8054.06982421875
721,2012-11-13,8023.22998046875
722,2012-11-14,7903.419921875
723,2012-11-15,7896.8798828125
724,2012-11-16,7931.5498046875
725,2012-11-19,8080.2900390625
726,2012-11-20,8086.419921875
727,2012-11-21,8112.18017578125
728,2012-11-23,8225.509765625
729,2012-11-26,8197.5703125
730,2012-11-27,8150.7900390625
731,2012-11-28,8207.3603515625
732,2012-11-29,8256.0703125
733,2012-11-30,8260.4296875
734,2012-12-03,8223.5400390625
735,2012-12-04,8223.8701171875
736,2012-12-05,8264.7998046875
737,2012-12-06,8280.9296875
738,2012-12-07,8314.2900390625
739,2012-12-10,8322.6796875
740,2012-12-11,8366.4697265625
741,2012-12-12,8380.8798828125
742,2012-12-13,8338.3203125
743,2012-12-14,8333.73046875
744,2012-12-17,8407.009765625
745,2012-12-18,8499.349609375
746,2012-12-19,8463.8203125
747,2012-12-20,8516.4296875
748,2012-12-21,8443.16015625
749,2012-12-24,8420.5498046875
750,2012-12-26,8395.490234375
751,2012-12-27,8399.830078125
752,2012-12-28,8316.169921875
753,2012-12-31,8443.509765625
754,2013-01-02,8632.009765625
755,2013-01-03,8607.7900390625
756,2013-01-04,8667.6796875
757,2013-01-07,8636.91015625
758,2013-01-08,8604.3798828125
759,2013-01-09,8636.099609375
760,2013-01-10,8713.759765625
761,2013-01-11,8712.400390625
762,2013-01-14,8717.4501953125
763,2013-01-15,8733.099609375
764,2013-01-16,8710.5595703125
765,2013-01-17,8766.5498046875
766,2013-01-18,8792.6298828125
767,2013-01-22,8832.75
768,2013-01-23,8828.66015625
769,2013-01-24,8856.58984375
770,2013-01-25,8904.51953125
771,2013-01-28,8880.01953125
772,2013-01-29,8935.6396484375
773,2013-01-30,8904.3203125
774,2013-01-31,8883.7900390625
775,2013-02-01,8965.1201171875
776,2013-02-04,8852.8203125
777,2013-02-05,8920.1298828125
778,2013-02-06,8934.240234375
779,2013-02-07,8893.75
780,2013-02-08,8935.240234375
781,2013-02-11,8919.01953125
782,2013-02-12,8957.6103515625
783,2013-02-13,8955.6103515625
784,2013-02-14,8953.0703125
785,2013-02-15,8933.2197265625
786,2013-02-19,9004.3798828125
787,2013-02-20,8883.6201171875
788,2013-02-21,8810.2900390625
789,2013-02-22,8894.6298828125
790,2013-02-25,8719.41015625
791,2013-02-26,8766.169921875
792,2013-02-27,8875.330078125
793,2013-02-28,8868.7197265625
794,2013-03-01,8874.1904296875
795,2013-03-04,8901.0498046875
796,2013-03-05,8978.08984375
797,2013-03-06,8996.9697265625
798,2013-03-07,9013.4404296875
799,2013-03-08,9054.4501953125
800,2013-03-11,9082.240234375
801,2013-03-12,9059.9599609375
802,2013-03-13,9057.01953125
803,2013-03-14,9127.9697265625
804,2013-03-15,9116.6796875
805,2013-03-18,9045.4404296875
806,2013-03-19,9017.669921875
807,2013-03-20,9081.08984375
808,2013-03-21,9009.66015625
809,2013-03-22,9065.7998046875
810,2013-03-25,9022.9501953125
811,2013-03-26,9083.7099609375
812,2013-03-27,9070.4501953125
813,2013-03-28,9107.0400390625
814,2013-04-01,9107.759765625
815,2013-04-02,9092.900390625
816,2013-04-03,8983.400390625
817,2013-04-04,9027.830078125
818,2013-04-05,9000.25
819,2013-04-08,9051.58984375
820,2013-04-09,9088.3798828125
821,2013-04-10,9189.08984375
822,2013-04-11,9234.01953125
823,2013-04-12,9188.259765625
824,2013-04-15,8953.9404296875
825,2013-04-16,9086.4296875
826,2013-04-17,8948.3603515625
827,2013-04-18,8921.1796875
828,2013-04-19,8994.1201171875
829,2013-04-22,9019.919921875
830,2013-04-23,9113.7998046875
831,2013-04-24,9146.4599609375
832,2013-04-25,9188.8603515625
833,2013-04-26,9169.8896484375
834,2013-04-29,9245.2197265625
835,2013-04-30,9276.8798828125
836,2013-05-01,9175.7900390625
837,2013-05-02,9246.73046875
838,2013-05-03,9340.4697265625
839,2013-05-06,9348.900390625
840,2013-05-07,9409.009765625
841,2013-05-08,9463.3203125
842,2013-05-09,9409.23046875
843,2013-05-10,9442.759765625
844,2013-05-13,9437.1796875
845,2013-05-14,9515.8603515625
846,2013-05-15,9551.419921875
847,2013-05-16,9489.3095703125
848,2013-05-17,9576.419921875
849,2013-05-20,9587.5400390625
850,2013-05-21,9598.26953125
851,2013-05-22,9508.0498046875
852,2013-05-23,9466.3095703125
853,2013-05-24,9442.23046875
854,2013-05-28,9494.169921875
855,2013-05-29,9422.490234375
856,2013-05-30,9460.0595703125
857,2013-05-31,9302.26953125
858,2013-06-03,9357.080078125
859,2013-06-04,9320.08984375
860,2013-06-05,9178.419921875
861,2013-06-06,9260.5
862,2013-06-07,9355.41015625
863,2013-06-10,9358.0
864,2013-06-11,9255.48046875
865,2013-06-12,9189.4404296875
866,2013-06-13,9331.3701171875
867,2013-06-14,9263.6904296875
868,2013-06-17,9337.8896484375
869,2013-06-18,9399.6396484375
870,2013-06-19,9255.7099609375
871,2013-06-20,8995.9697265625
872,2013-06-21,9018.5498046875
873,2013-06-24,8892.0302734375
874,2013-06-25,8989.259765625
875,2013-06-26,9067.26953125
876,2013-06-27,9143.5595703125
877,2013-06-28,9112.7001953125
878,2013-07-01,9167.8896484375
879,2013-07-02,9144.73046875
880,2013-07-03,9135.08984375
881,2013-07-05,9214.1796875
882,2013-07-08,9266.2998046875
883,2013-07-09,9341.41015625
884,2013-07-10,9340.6904296875
885,2013-07-11,9493.259765625
886,2013-07-12,9498.509765625
887,2013-07-15,9520.9599609375
888,2013-07-16,9489.009765625
889,2013-07-17,9523.7998046875
890,2013-07-18,9587.2001953125
891,2013-07-19,9618.509765625
892,2013-07-22,9650.58984375
893,2013-07-23,9659.6201171875
894,2013-07-24,9605.0595703125
895,2013-07-25,9635.0595703125
896,2013-07-26,9620.1298828125
897,2013-07-29,9571.7900390625
898,2013-07-30,9556.169921875
899,2013-07-31,9558.830078125
900,2013-08-01,9673.400390625
901,2013-08-02,9690.0703125
902,2013-08-05,9671.599609375
903,2013-08-06,9614.3203125
904,2013-08-07,9568.259765625
905,2013-08-08,9634.7001953125
906,2013-08-09,9622.1103515625
907,2013-08-12,9609.0302734375
908,2013-08-13,9630.5703125
909,2013-08-14,9593.5
910,2013-08-15,9489.2900390625
911,2013-08-16,9465.58984375
912,2013-08-19,9385.8896484375
913,2013-08-20,9421.5595703125
914,2013-08-21,9339.3798828125
915,2013-08-22,9425.7802734375
916,2013-08-23,9474.8203125
917,2013-08-26,9432.509765625
918,2013-08-27,9288.1103515625
919,2013-08-28,9309.0703125
920,2013-08-29,9315.8203125
921,2013-08-30,9270.66015625
922,2013-09-03,9333.490234375
923,2013-09-04,9400.240234375
924,2013-09-05,9420.349609375
925,2013-09-06,9439.6904296875
926,2013-09-09,9539.9296875
927,2013-09-10,9620.7099609375
928,2013-09-11,9655.3798828125
929,2013-09-12,9607.3203125
930,2013-09-13,9635.080078125
931,2013-09-16,9704.4697265625
932,2013-09-17,9738.9296875
933,2013-09-18,9887.8798828125
934,2013-09-19,9854.759765625
935,2013-09-20,9769.73046875
936,2013-09-23,9733.0302734375
937,2013-09-24,9715.2099609375
938,2013-09-25,9698.9599609375
939,2013-09-26,9726.259765625
940,2013-09-27,9684.1904296875
941,2013-09-30,9621.25
942,2013-10-01,9693.2802734375
943,2013-10-02,9689.2998046875
944,2013-10-03,9619.2001953125
945,2013-10-04,9675.7099609375
946,2013-10-07,9597.5400390625
947,2013-10-08,9483.169921875
948,2013-10-09,9497.01953125
949,2013-10-10,9693.9697265625
950,2013-10-11,9761.759765625
951,2013-10-14,9797.1796875
952,2013-10-15,9726.6201171875
953,2013-10-16,9845.0
954,2013-10-17,9934.83984375
955,2013-10-18,9984.6298828125
956,2013-10-21,9982.6904296875
957,2013-10-22,10056.599609375
958,2013-10-23,9990.330078125
959,2013-10-24,10029.2001953125
960,2013-10-25,10053.900390625
961,2013-10-28,10058.5
962,2013-10-29,10108.400390625
963,2013-10-30,10054.400390625
964,2013-10-31,10009.7001953125
965,2013-11-01,10018.2001953125
966,2013-11-04,10064.099609375
967,2013-11-05,10011.900390625
968,2013-11-06,10059.5
969,2013-11-07,9924.3701171875
970,2013-11-08,10032.099609375
971,2013-11-11,10043.0
972,2013-11-12,10009.7998046875
973,2013-11-13,10079.900390625
974,2013-11-14,10130.5
975,2013-11-15,10189.7998046875
976,2013-11-18,10167.2001953125
977,2013-11-19,10135.7001953125
978,2013-11-20,10096.400390625
979,2013-11-21,10162.400390625
980,2013-11-22,10205.7001953125
981,2013-11-25,10176.2001953125
982,2013-11-26,10167.900390625
983,2013-11-27,10183.0
984,2013-11-29,10183.2001953125
985,2013-12-02,10137.0
986,2013-12-03,10086.7001953125
987,2013-12-04,10064.900390625
988,2013-12-05,10016.7001953125
989,2013-12-06,10131.2001953125
990,2013-12-09,10146.2998046875
991,2013-12-10,10114.7001953125
992,2013-12-11,9991.4501953125
993,2013-12-12,9949.580078125
994,2013-12-13,9954.8701171875
995,2013-12-16,10025.0
996,2013-12-17,9989.080078125
997,2013-12-18,10154.2001953125
998,2013-12-19,10151.5
999,2013-12-20,10196.099609375
1000,2013-12-23,10246.7001953125
1001,2013-12-24,10284.400390625
1002,2013-12-26,10331.7001953125
1003,2013-12-27,10353.2001953125
1004,2013-12-30,10357.7998046875
1005,2013-12-31,10400.2998046875
1006,2014-01-02,10283.400390625
1007,2014-01-03,10296.7998046875
1008,2014-01-06,10270.099609375
1009,2014-01-07,10327.2998046875
1010,2014-01-08,10320.900390625
1011,2014-01-09,10325.7001953125
1012,2014-01-10,10371.099609375
1013,2014-01-13,10256.2001953125
1014,2014-01-14,10343.099609375
1015,2014-01-15,10385.400390625
1016,2014-01-16,10376.2001953125
1017,2014-01-17,10343.5
1018,2014-01-21,10366.0
1019,2014-01-22,10368.900390625
1020,2014-01-23,10269.400390625
1021,2014-01-24,10034.400390625
1022,2014-01-27,9981.349609375
1023,2014-01-28,10066.7998046875
1024,2014-01-29,9962.919921875
1025,2014-01-30,10048.7001953125
1026,2014-01-31,9967.650390625
1027,2014-02-03,9741.580078125
1028,2014-02-04,9816.9697265625
1029,2014-02-05,9809.0302734375
1030,2014-02-06,9940.2197265625
1031,2014-02-07,10055.400390625
1032,2014-02-10,10050.400390625
1033,2014-02-11,10170.400390625
1034,2014-02-12,10173.7998046875
1035,2014-02-13,10228.599609375
1036,2014-02-14,10282.5
1037,2014-02-18,10319.099609375
1038,2014-02-19,10254.2001953125
1039,2014-02-20,10316.900390625
1040,2014-02-21,10306.900390625
1041,2014-02-24,10369.5
1042,2014-02-25,10353.7998046875
1043,2014-02-26,10350.0
1044,2014-02-27,10397.7998046875
1045,2014-02-28,10425.900390625
1046,2014-03-03,10329.7998046875
1047,2014-03-04,10490.0
1048,2014-03-05,10482.7998046875
1049,2014-03-06,10525.5
1050,2014-03-07,10511.900390625
1051,2014-03-10,10486.2001953125
1052,2014-03-11,10425.599609375
1053,2014-03-12,10419.0
1054,2014-03-13,10297.7001953125
1055,2014-03-14,10285.099609375
1056,2014-03-17,10377.0
1057,2014-03-18,10441.5
1058,2014-03-19,10359.5
1059,2014-03-20,10400.7001953125
1060,2014-03-21,10392.2001953125
1061,2014-03-24,10362.099609375
1062,2014-03-25,10417.099609375
1063,2014-03-26,10359.400390625
1064,2014-03-27,10373.400390625
1065,2014-03-28,10434.900390625
1066,2014-03-31,10527.7998046875
1067,2014-04-01,10584.2998046875
1068,2014-04-02,10616.900390625
1069,2014-04-03,10598.5
1070,2014-04-04,10517.0
1071,2014-04-07,10407.400390625
1072,2014-04-08,10452.0
1073,2014-04-09,10554.900390625
1074,2014-04-10,10366.7998046875
1075,2014-04-11,10280.900390625
1076,2014-04-14,10359.400390625
1077,2014-04-15,10402.0
1078,2014-04-16,10505.7998046875
1079,2014-04-17,10532.7998046875
1080,2014-04-21,10559.2998046875
1081,2014-04-22,10599.0
1082,2014-04-23,10581.900390625
1083,2014-04-24,10575.900390625
1084,2014-04-25,10505.0
1085,2014-04-28,10526.5
1086,2014-04-29,10583.599609375
1087,2014-04-30,10627.2001953125
1088,2014-05-01,10629.2998046875
1089,2014-05-02,10630.0
1090,2014-05-05,10630.099609375
1091,2014-05-06,10568.7001953125
1092,2014-05-07,10626.7998046875
1093,2014-05-08,10610.599609375
1094,2014-05-09,10606.7001953125
1095,2014-05-12,10703.5
1096,2014-05-13,10702.900390625
1097,2014-05-14,10656.099609375
1098,2014-05-15,10568.400390625
1099,2014-05-16,10603.2001953125
1100,2014-05-19,10618.599609375
1101,2014-05-20,10541.900390625
1102,2014-05-21,10620.400390625
1103,2014-05-22,10644.5
1104,2014-05-23,10681.900390625
1105,2014-05-27,10720.599609375
1106,2014-05-28,10702.7001953125
1107,2014-05-29,10752.099609375
1108,2014-05-30,10756.2998046875
1109,2014-06-02,10772.0
1110,2014-06-03,10770.2998046875
1111,2014-06-04,10776.7998046875
1112,2014-06-05,10847.7001953125
1113,2014-06-06,10904.2001953125
1114,2014-06-09,10918.599609375
1115,2014-06-10,10914.2001953125
1116,2014-06-11,10872.7001953125
1117,2014-06-12,10825.0
1118,2014-06-13,10856.2001953125
1119,2014-06-16,10863.2001953125
1120,2014-06-17,10886.0
1121,2014-06-18,10975.5
1122,2014-06-19,11003.099609375
1123,2014-06-20,11018.099609375
1124,2014-06-23,11014.099609375
1125,2014-06-24,10922.0
1126,2014-06-25,10962.900390625
1127,2014-06-26,10949.5
1128,2014-06-27,10974.400390625
1129,2014-06-30,10979.400390625
1130,2014-07-01,11046.599609375
1131,2014-07-02,11050.2998046875
1132,2014-07-03,11104.7001953125
1133,2014-07-07,11035.7998046875
1134,2014-07-08,10963.2001953125
1135,2014-07-09,11005.5
1136,2014-07-10,10941.2998046875
1137,2014-07-11,10936.2998046875
1138,2014-07-14,10991.5
1139,2014-07-15,10965.599609375
1140,2014-07-16,11017.900390625
1141,2014-07-17,10890.400390625
1142,2014-07-18,10985.900390625
1143,2014-07-21,10957.7001953125
1144,2014-07-22,11016.2001953125
1145,2014-07-23,11023.900390625
1146,2014-07-24,11038.599609375
1147,2014-07-25,10985.7998046875
1148,2014-07-28,10987.2001953125
1149,2014-07-29,10936.7001953125
1150,2014-07-30,10929.7998046875
1151,2014-07-31,10726.400390625
1152,2014-08-01,10692.2001953125
1153,2014-08-04,10766.7001953125
1154,2014-08-05,10657.2998046875
1155,2014-08-06,10653.400390625
1156,2014-08-07,10583.7998046875
1157,2014-08-08,10691.099609375
1158,2014-08-11,10722.7998046875
1159,2014-08-12,10705.7998046875
1160,2014-08-13,10756.2001953125
1161,2014-08-14,10802.599609375
1162,2014-08-15,10796.0
1163,2014-08-18,10886.5
1164,2014-08-19,10929.7001953125
1165,2014-08-20,10949.5
1166,2014-08-21,10982.7998046875
1167,2014-08-22,10947.2998046875
1168,2014-08-25,11005.400390625
1169,2014-08-26,11025.400390625
1170,2014-08-27,11037.900390625
1171,2014-08-28,11009.7001953125
1172,2014-08-29,11046.2998046875
1173,2014-09-02,11038.099609375
1174,2014-09-03,11063.5
1175,2014-09-04,11030.400390625
1176,2014-09-05,11073.400390625
1177,2014-09-08,11007.400390625
1178,2014-09-09,10945.599609375
1179,2014-09-10,10972.2001953125
1180,2014-09-11,10976.0
1181,2014-09-12,10911.400390625
1182,2014-09-15,10909.2998046875
1183,2014-09-16,10980.099609375
1184,2014-09-17,10973.7001953125
1185,2014-09-18,11024.099609375
1186,2014-09-19,10989.599609375
1187,2014-09-22,10892.599609375
1188,2014-09-23,10815.400390625
1189,2014-09-24,10885.599609375
1190,2014-09-25,10722.2001953125
1191,2014-09-26,10798.900390625
1192,2014-09-29,10749.099609375
1193,2014-09-30,10702.900390625
1194,2014-10-01,10571.599609375
1195,2014-10-02,10555.7001953125
1196,2014-10-03,10635.5
1197,2014-10-06,10647.5
1198,2014-10-07,10484.599609375
1199,2014-10-08,10645.7001953125
1200,2014-10-09,10409.400390625
1201,2014-10-13,10166.7001953125
1202,2014-10-14,10185.900390625
1203,2014-10-15,10109.7001953125
1204,2014-10-16,10123.7001953125
1205,2014-10-17,10250.5
1206,2014-10-20,10327.2998046875
1207,2014-10-22,10405.7998046875
1208,2014-10-24,10582.599609375
1209,2014-10-27,10544.400390625
1210,2014-10-28,10677.900390625
1211,2014-10-29,10646.7001953125
1212,2014-10-30,10712.2001953125
1213,2014-11-03,10808.7001953125
1214,2014-11-04,10758.099609375
1215,2014-11-05,10824.099609375
1216,2014-11-06,10843.5
1217,2014-11-07,10864.599609375
1218,2014-11-10,10892.599609375
1219,2014-11-11,10907.5
1220,2014-11-12,10884.0
1221,2014-11-13,10868.900390625
1222,2014-11-14,10880.599609375
1223,2014-11-17,10883.2998046875
1224,2014-11-18,10941.7001953125
1225,2014-11-19,10927.5
1226,2014-11-20,10938.0
1227,2014-11-21,11025.7001953125
1228,2014-11-24,11041.400390625
1229,2014-11-25,11029.400390625
1230,2014-11-26,11047.900390625
1231,2014-11-28,10955.400390625
1232,2014-12-01,10888.400390625
1233,2014-12-02,10940.099609375
1234,2014-12-03,10987.400390625
1235,2014-12-04,10952.2998046875
1236,2014-12-05,10970.2998046875
1237,2014-12-08,10863.5
1238,2014-12-09,10847.400390625
1239,2014-12-10,10662.2001953125
1240,2014-12-11,10690.099609375
1241,2014-12-12,10500.5
1242,2014-12-15,10411.2001953125
1243,2014-12-16,10390.0
1244,2014-12-17,10603.5
1245,2014-12-18,10831.599609375
1246,2014-12-19,10890.2001953125
1247,2014-12-22,10920.0
1248,2014-12-23,10951.7998046875
1249,2014-12-24,10955.099609375
1250,2014-12-26,10985.400390625
1251,2014-12-29,10988.0
1252,2014-12-30,10933.0
1253,2014-12-31,10839.2001953125
1254,2015-01-02,10830.900390625
1255,2015-01-05,10607.7001953125
1256,2015-01-06,10514.900390625
1257,2015-01-07,10627.099609375
1258,2015-01-08,10800.5
1259,2015-01-09,10711.400390625
1260,2015-01-12,10640.7001953125
1261,2015-01-13,10623.0
1262,2015-01-14,10565.400390625
1263,2015-01-15,10514.599609375
1264,2015-01-16,10660.2998046875
1265,2015-01-20,10658.599609375
1266,2015-01-21,10720.400390625
1267,2015-01-22,10859.2998046875
1268,2015-01-23,10788.2998046875
1269,2015-01-26,10847.2001953125
1270,2015-01-27,10781.7998046875
1271,2015-01-28,10603.900390625
1272,2015-01-29,10691.599609375
1273,2015-01-30,10537.2001953125
1274,2015-02-02,10669.0
1275,2015-02-03,10847.400390625
1276,2015-02-04,10775.0
1277,2015-02-05,10896.099609375
1278,2015-02-06,10847.5
1279,2015-02-09,10826.599609375
1280,2015-02-10,10915.099609375
1281,2015-02-11,10889.099609375
1282,2015-02-12,10995.2998046875
1283,2015-02-13,11042.7001953125
1284,2015-02-17,11054.5
1285,2015-02-18,11064.099609375
1286,2015-02-19,11038.2998046875
1287,2015-02-20,11108.7001953125
1288,2015-02-23,11074.599609375
1289,2015-02-24,11122.099609375
1290,2015-02-25,11117.900390625
1291,2015-02-26,11082.099609375
1292,2015-02-27,11062.7998046875
1293,2015-03-02,11102.7998046875
1294,2015-03-03,11051.2001953125
1295,2015-03-04,11004.7001953125
1296,2015-03-05,11014.2998046875
1297,2015-03-06,10842.2001953125
1298,2015-03-09,10866.599609375
1299,2015-03-10,10678.400390625
1300,2015-03-12,10820.900390625
1301,2015-03-13,10751.0
1302,2015-03-16,10881.2001953125
1303,2015-03-17,10862.400390625
1304,2015-03-18,11019.7001953125
1305,2015-03-19,10931.400390625
1306,2015-03-20,11070.5
1307,2015-03-23,11070.900390625
1308,2015-03-24,11019.7998046875
1309,2015-03-25,10897.5
1310,2015-03-26,10865.2001953125
1311,2015-03-27,10875.099609375
1312,2015-03-30,10989.2001953125
1313,2015-03-31,10899.2001953125
1314,2015-04-01,10891.599609375
1315,2015-04-02,10953.2001953125
1316,2015-04-07,11013.2001953125
1317,2015-04-08,11033.0
1318,2015-04-15,11171.099609375
1319,2015-04-16,11169.7998046875
1320,2015-04-17,11058.5
1321,2015-04-20,11116.599609375
1322,2015-04-22,11144.5
1323,2015-04-23,11191.5
1324,2015-04-27,11167.2998046875
1325,2015-04-28,11203.099609375
1326,2015-04-29,11154.099609375
1327,2015-05-01,11140.400390625
1328,2015-05-04,11173.2998046875
1329,2015-05-05,11049.2998046875
1330,2015-05-08,11196.5
1331,2015-05-12,11113.2001953125
1332,2015-05-13,11117.0
1333,2015-05-14,11207.2998046875
1334,2015-05-19,11213.099609375
1335,2015-05-21,11239.7001953125
1336,2015-06-04,11000.400390625
1337,2015-06-18,11100.5
1338,2015-06-26,11040.2998046875
1339,2015-07-17,10987.2001953125
1340,2015-07-24,10721.900390625
1341,2015-07-27,10656.599609375
1342,2015-08-05,10847.7998046875
1343,2015-08-12,10779.5
1344,2015-08-13,10745.2998046875
1345,2015-08-14,10782.2001953125
1346,2015-08-17,10818.599609375
1347,2015-08-18,10792.7998046875
1348,2015-08-19,10687.0
1349,2015-08-20,10475.7998046875
1350,2015-08-21,10195.7001953125
1351,2015-08-24,9789.9404296875
1352,2015-08-25,9692.3896484375
1353,2015-08-26,9979.669921875
1354,2015-08-27,10230.5
1355,2015-08-28,10242.099609375
1356,2015-08-31,10176.5
1357,2015-09-01,9874.669921875
1358,2015-09-02,10013.400390625
1359,2015-09-03,10049.2998046875
1360,2015-09-04,9871.8603515625
1361,2015-09-08,10109.7001953125
1362,2015-09-09,9988.91015625
1363,2015-09-10,10019.400390625
1364,2015-09-11,10040.2001953125
1365,2015-09-14,9988.58984375
1366,2015-09-15,10105.900390625
1367,2015-09-16,10236.7001953125
1368,2015-09-17,10215.5
1369,2015-09-18,10031.599609375
1370,2015-09-21,10066.099609375
1371,2015-09-22,9912.599609375
1372,2015-09-23,9867.91015625
1373,2015-09-24,9837.8095703125
1374,2015-09-25,9857.25
1375,2015-09-28,9601.419921875
1376,2015-09-29,9622.0703125
1377,2015-09-30,9799.6904296875
1378,2015-10-01,9820.9501953125
1379,2015-10-02,9973.5595703125
1380,2015-10-05,10167.900390625
1381,2015-10-06,10156.400390625
1382,2015-10-07,10258.5
1383,2015-10-08,10361.0
1384,2015-10-09,10361.2998046875
1385,2015-10-12,10356.5
1386,2015-10-13,10262.900390625
1387,2015-10-14,10229.7001953125
1388,2015-10-15,10378.2998046875
1389,2015-10-16,10421.900390625
1390,2015-10-19,10391.599609375
1391,2015-10-20,10383.400390625
1392,2015-10-21,10306.400390625
1393,2015-10-22,10448.7998046875
1394,2015-10-23,10506.5
1395,2015-10-26,10464.599609375
1396,2015-10-27,10400.2001953125
1397,2015-10-28,10538.2001953125
1398,2015-10-29,10498.2001953125
1399,2015-10-30,10461.0
1400,2015-11-02,10579.900390625
1401,2015-11-03,10609.900390625
1402,2015-11-04,10564.0
1403,2015-11-05,10548.400390625
1404,2015-11-06,10513.400390625
1405,2015-11-09,10415.2001953125
1406,2015-11-10,10432.2998046875
1407,2015-11-11,10399.900390625
1408,2015-11-12,10236.0
1409,2015-11-13,10155.099609375
1410,2015-11-16,10299.400390625
1411,2015-11-17,10285.7998046875
1412,2015-11-18,10429.599609375
1413,2015-11-19,10431.5
1414,2015-11-20,10444.2001953125
1415,2015-11-23,10421.400390625
1416,2015-11-24,10449.7001953125
1417,2015-11-25,10450.400390625
1418,2015-11-27,10450.5
1419,2015-11-30,10409.599609375
1420,2015-12-01,10519.599609375
1421,2015-12-02,10389.2001953125
1422,2015-12-03,10257.400390625
1423,2015-12-04,10408.900390625
1424,2015-12-07,10304.5
1425,2015-12-08,10198.400390625
1426,2015-12-09,10162.400390625
1427,2015-12-10,10172.0
1428,2015-12-11,9976.650390625
1429,2015-12-14,9986.759765625
1430,2015-12-15,10110.900390625
1431,2015-12-16,10267.7998046875
1432,2015-12-17,10112.599609375
1433,2015-12-18,9967.6396484375
1434,2015-12-21,10023.0
1435,2015-12-22,10112.400390625
1436,2015-12-23,10276.2998046875
1437,2015-12-24,10258.5
1438,2015-12-28,10217.400390625
1439,2015-12-29,10306.599609375
1440,2015-12-30,10225.7998046875
1441,2015-12-31,10143.400390625
1442,2016-01-04,10001.599609375
1443,2016-01-05,10028.099609375
1444,2016-01-06,9868.259765625
1445,2016-01-07,9650.4501953125
1446,2016-01-08,9528.76953125
1447,2016-01-11,9527.66015625
1448,2016-01-12,9576.51953125
1449,2016-01-13,9374.23046875
1450,2016-01-14,9516.5498046875
1451,2016-01-15,9299.6201171875
1452,2016-01-19,9301.740234375
1453,2016-01-20,9156.83984375
1454,2016-01-21,9226.5703125
1455,2016-01-22,9426.91015625
1456,2016-01-25,9262.990234375
1457,2016-01-26,9429.1201171875
1458,2016-01-27,9373.7802734375
1459,2016-01-28,9397.7900390625
1460,2016-01-29,9632.7001953125
1461,2016-02-01,9616.6904296875
1462,2016-02-02,9413.7802734375
1463,2016-02-03,9495.2099609375
1464,2016-02-04,9534.2998046875
1465,2016-02-05,9390.330078125
1466,2016-02-08,9231.330078125
1467,2016-02-09,9187.7900390625
1468,2016-02-10,9176.7197265625
1469,2016-02-11,9029.8798828125
1470,2016-02-12,9229.6796875
1471,2016-02-16,9375.3896484375
1472,2016-02-17,9532.2802734375
1473,2016-02-18,9504.98046875
1474,2016-02-19,9485.9697265625
1475,2016-02-22,9616.3203125
1476,2016-02-23,9494.3203125
1477,2016-02-24,9506.0703125
1478,2016-02-25,9625.26953125
1479,2016-02-26,9619.7900390625
1480,2016-02-29,9559.5302734375
1481,2016-03-01,9771.0
1482,2016-03-02,9837.58984375
1483,2016-03-03,9907.9697265625
1484,2016-03-04,9968.41015625
1485,2016-03-07,10006.2001953125
1486,2016-03-08,9868.51953125
1487,2016-03-09,9924.8095703125
1488,2016-03-10,9918.0703125
1489,2016-03-11,10104.2001953125
1490,2016-03-14,10074.2998046875
1491,2016-03-15,10013.599609375
1492,2016-03-16,10084.2001953125
1493,2016-03-17,10190.400390625
1494,2016-03-18,10223.400390625
1495,2016-03-21,10219.7001953125
1496,2016-03-22,10194.2001953125
1497,2016-03-23,10099.7001953125
1498,2016-03-24,10086.599609375
1499,2016-03-28,10106.400390625
1500,2016-03-29,10190.400390625
1501,2016-03-30,10237.0
1502,2016-03-31,10207.400390625
1503,2016-04-01,10220.0
1504,2016-04-04,10183.0
1505,2016-04-05,10061.099609375
1506,2016-04-06,10159.7998046875
1507,2016-04-07,10045.2001953125
1508,2016-04-08,10119.7001953125
1509,2016-04-11,10114.599609375
1510,2016-04-12,10238.7001953125
1511,2016-04-13,10359.5
1512,2016-04-14,10360.2001953125
1513,2016-04-15,10355.599609375
1514,2016-04-18,10424.900390625
1515,2016-04-19,10517.2998046875
1516,2016-04-20,10527.7998046875
1517,2016-04-21,10454.7998046875
1518,2016-04-22,10511.0
1519,2016-04-25,10465.599609375
1520,2016-04-26,10522.599609375
1521,2016-04-27,10571.7998046875
1522,2016-04-28,10480.5
1523,2016-04-29,10436.900390625
1524,2016-05-02,10496.2998046875
1525,2016-05-03,10365.7998046875
1526,2016-05-04,10286.2001953125
1527,2016-05-05,10281.2998046875
1528,2016-05-06,10308.7998046875
1529,2016-05-09,10291.599609375
1530,2016-05-10,10424.099609375
1531,2016-05-11,10332.2001953125
1532,2016-05-12,10334.400390625
1533,2016-05-13,10228.099609375
1534,2016-05-16,10332.5
1535,2016-05-17,10257.599609375
1536,2016-05-18,10239.599609375
1537,2016-05-19,10192.5
1538,2016-05-20,10250.5
1539,2016-05-23,10226.599609375
1540,2016-05-24,10353.599609375
1541,2016-05-25,10446.599609375
1542,2016-05-26,10439.599609375
1543,2016-05-27,10469.5
1544,2016-05-31,10441.0
1545,2016-06-01,10454.900390625
1546,2016-06-02,10487.599609375
1547,2016-06-03,10487.900390625
1548,2016-06-06,10554.7998046875
1549,2016-06-07,10599.2001953125
1550,2016-06-08,10638.400390625
1551,2016-06-09,10589.7998046875
1552,2016-06-10,10446.099609375
1553,2016-06-13,10349.2001953125
1554,2016-06-14,10294.599609375
1555,2016-06-15,10297.2001953125
1556,2016-06-16,10322.7998046875
1557,2016-06-17,10347.900390625
1558,2016-06-20,10450.0
1559,2016-06-21,10490.7998046875
1560,2016-06-22,10473.099609375
1561,2016-06-23,10641.2001953125
1562,2016-06-24,10183.5
1563,2016-06-27,9973.5400390625
1564,2016-06-28,10161.2001953125
1565,2016-06-29,10350.5
1566,2016-06-30,10489.7998046875
1567,2016-07-01,10515.7998046875
1568,2016-07-05,10409.5
1569,2016-07-06,10441.599609375
1570,2016-07-07,10414.0
1571,2016-07-08,10571.7998046875
1572,2016-07-11,10627.2001953125
1573,2016-07-12,10726.7998046875
1574,2016-07-13,10734.2001953125
1575,2016-07-14,10786.599609375
1576,2016-07-15,10773.099609375
1577,2016-07-18,10793.2001953125
1578,2016-07-19,10758.5
1579,2016-07-20,10793.099609375
1580,2016-07-21,10758.599609375
1581,2016-07-22,10805.0
1582,2016-07-25,10752.400390625
1583,2016-07-26,10773.0
1584,2016-07-27,10739.7998046875
1585,2016-07-28,10744.2001953125
1586,2016-07-29,10785.5
1587,2016-08-01,10730.2001953125
1588,2016-08-02,10661.099609375
1589,2016-08-03,10695.099609375
1590,2016-08-04,10707.099609375
1591,2016-08-05,10782.900390625
1592,2016-08-08,10788.0
1593,2016-08-09,10804.5
1594,2016-08-10,10775.0
1595,2016-08-11,10836.099609375
1596,2016-08-12,10822.400390625
1597,2016-08-15,10858.5
1598,2016-08-16,10809.7001953125
1599,2016-08-17,10824.599609375
1600,2016-08-18,10863.0
1601,2016-08-19,10829.2001953125
1602,2016-08-22,10815.900390625
1603,2016-08-23,10847.5
1604,2016-08-24,10791.2001953125
1605,2016-08-25,10784.400390625
1606,2016-08-26,10749.2998046875
1607,2016-08-29,10811.2998046875
1608,2016-08-30,10797.5
1609,2016-08-31,10764.7001953125
1610,2016-09-01,10771.900390625
1611,2016-09-02,10856.900390625
1612,2016-09-06,10890.7998046875
1613,2016-09-07,10890.2001953125
1614,2016-09-08,10882.2998046875
1615,2016-09-09,10613.5
1616,2016-09-12,10741.2001953125
1617,2016-09-13,10535.400390625
1618,2016-09-14,10511.400390625
1619,2016-09-15,10602.900390625
1620,2016-09-16,10532.2998046875
1621,2016-09-19,10564.2998046875
1622,2016-09-20,10560.2998046875
1623,2016-09-21,10708.400390625
1624,2016-09-22,10793.7001953125
1625,2016-09-23,10718.0
1626,2016-09-26,10624.900390625
1627,2016-09-27,10665.2998046875
1628,2016-09-28,10753.400390625
1629,2016-09-29,10643.5
1630,2016-09-30,10721.7001953125
1631,2016-10-03,10690.7998046875
1632,2016-10-04,10629.2001953125
1633,2016-10-05,10683.900390625
1634,2016-10-06,10675.7001953125
1635,2016-10-07,10626.900390625
1636,2016-10-10,10682.7001953125
1637,2016-10-11,10548.0
1638,2016-10-12,10560.2998046875
1639,2016-10-13,10522.900390625
1640,2016-10-14,10521.2998046875
1641,2016-10-17,10492.900390625
1642,2016-10-18,10567.7998046875
1643,2016-10-19,10600.900390625
1644,2016-10-20,10597.400390625
1645,2016-10-21,10571.900390625
1646,2016-10-24,10591.2998046875
1647,2016-10-25,10550.2001953125
1648,2016-10-26,10528.2001953125
1649,2016-10-27,10503.099609375
1650,2016-10-28,10476.599609375
1651,2016-10-31,10481.900390625
1652,2016-11-01,10414.099609375
1653,2016-11-02,10334.5
1654,2016-11-03,10307.599609375
1655,2016-11-04,10289.2998046875
1656,2016-11-07,10500.2001953125
1657,2016-11-08,10530.599609375
1658,2016-11-09,10643.400390625
1659,2016-11-10,10683.400390625
1660,2016-11-11,10652.2001953125
1661,2016-11-14,10679.7998046875
1662,2016-11-15,10745.5
1663,2016-11-16,10699.400390625
1664,2016-11-17,10740.099609375
1665,2016-11-18,10709.5
1666,2016-11-21,10791.7998046875
1667,2016-11-22,10820.2001953125
1668,2016-11-23,10835.900390625
1669,2016-11-25,10878.099609375
1670,2016-11-28,10808.599609375
1671,2016-11-29,10817.7001953125
1672,2016-11-30,10838.5
1673,2016-12-01,10829.0
1674,2016-12-02,10838.599609375
1675,2016-12-05,10910.900390625
1676,2016-12-06,10970.7998046875
1677,2016-12-07,11114.599609375
1678,2016-12-08,11150.0
1679,2016-12-09,11191.7998046875
1680,2016-12-12,11177.2998046875
1681,2016-12-13,11237.2001953125
1682,2016-12-14,11098.7001953125
1683,2016-12-15,11131.900390625
1684,2016-12-16,11125.2001953125
1685,2016-12-19,11128.5
1686,2016-12-20,11172.2001953125
1687,2016-12-21,11142.599609375
1688,2016-12-22,11114.099609375
1689,2016-12-23,11128.7998046875
1690,2016-12-27,11146.400390625
1691,2016-12-28,11058.900390625
1692,2016-12-29,11074.2998046875
1693,2016-12-30,11056.900390625
1694,2017-01-03,11154.2998046875
1695,2017-01-04,11246.5
1696,2017-01-05,11247.7001953125
1697,2017-01-06,11237.599609375
1698,2017-01-09,11169.7998046875
1699,2017-01-10,11183.2998046875
1700,2017-01-11,11226.7998046875
1701,2017-01-12,11204.099609375
1702,2017-01-13,11227.2001953125
1703,2017-01-17,11196.2998046875
1704,2017-01-18,11196.099609375
1705,2017-01-19,11148.7998046875
1706,2017-01-20,11192.7998046875
1707,2017-01-23,11170.599609375
1708,2017-01-24,11249.2998046875
1709,2017-01-25,11339.0
1710,2017-01-26,11313.099609375
1711,2017-01-27,11283.2001953125
1712,2017-01-30,11205.2001953125
1713,2017-01-31,11223.0
1714,2017-02-01,11207.2001953125
1715,2017-02-02,11215.400390625
1716,2017-02-03,11310.7001953125
1717,2017-02-06,11247.7998046875
1718,2017-02-07,11243.400390625
1719,2017-02-08,11251.7998046875
1720,2017-02-09,11327.7001953125
1721,2017-02-10,11377.7001953125
1722,2017-02-13,11433.900390625
1723,2017-02-14,11468.900390625
1724,2017-02-15,11514.400390625
1725,2017-02-16,11504.2001953125
1726,2017-02-17,11510.900390625
1727,2017-02-21,11578.2001953125
1728,2017-02-22,11550.2001953125
1729,2017-02-23,11556.2001953125
1730,2017-02-24,11541.2998046875
1731,2017-02-27,11558.2998046875
1732,2017-02-28,11512.400390625
1733,2017-03-01,11661.2001953125
1734,2017-03-02,11575.900390625
1735,2017-03-03,11598.400390625
1736,2017-03-06,11547.7998046875
1737,2017-03-07,11506.2998046875
1738,2017-03-08,11448.2001953125
1739,2017-03-09,11457.599609375
1740,2017-03-10,11500.7998046875
1741,2017-03-13,11519.400390625
1742,2017-03-14,11459.2998046875
1743,2017-03-15,11590.2998046875
1744,2017-03-16,11600.2001953125
1745,2017-03-17,11589.0
1746,2017-03-20,11556.900390625
1747,2017-03-21,11420.400390625
1748,2017-03-22,11426.7001953125
1749,2017-03-23,11430.900390625
1750,2017-03-24,11418.900390625
1751,2017-03-27,11414.2998046875
1752,2017-03-28,11493.7998046875
1753,2017-03-29,11496.7001953125
1754,2017-03-30,11519.7998046875
1755,2017-03-31,11492.7998046875
1756,2017-04-03,11463.900390625
1757,2017-04-04,11470.5
1758,2017-04-05,11423.400390625
1759,2017-04-06,11457.2998046875
1760,2017-04-07,11445.599609375
1761,2017-04-10,11464.2998046875
1762,2017-04-11,11473.599609375
1763,2017-04-12,11423.2001953125
1764,2017-04-13,11324.5
1765,2017-04-17,11427.099609375
1766,2017-04-18,11378.599609375
1767,2017-04-19,11342.400390625
1768,2017-04-20,11426.900390625
1769,2017-04-21,11389.099609375
1770,2017-04-24,11531.7998046875
1771,2017-04-25,11603.2998046875
1772,2017-04-26,11592.900390625
1773,2017-04-27,11578.5
1774,2017-04-28,11536.099609375
1775,2017-05-01,11536.5
1776,2017-05-02,11551.2998046875
1777,2017-05-03,11529.7001953125
1778,2017-05-04,11534.7001953125
1779,2017-05-05,11615.599609375
1780,2017-05-08,11595.2998046875
1781,2017-05-09,11567.5
1782,2017-05-10,11599.0
1783,2017-05-11,11563.599609375
1784,2017-05-12,11547.099609375
1785,2017-05-15,11614.2001953125
1786,2017-05-16,11606.5
1787,2017-05-17,11423.5
1788,2017-05-18,11434.099609375
1789,2017-05-19,11542.7001953125
1790,2017-05-22,11585.2001953125
1791,2017-05-23,11604.599609375
1792,2017-05-24,11621.2001953125
1793,2017-05-25,11639.2998046875
1794,2017-05-26,11631.900390625
1795,2017-05-30,11601.2998046875
1796,2017-05-31,11598.0
1797,2017-06-01,11699.7998046875
1798,2017-06-02,11718.7001953125
1799,2017-06-05,11693.7001953125
1800,2017-06-06,11671.5
1801,2017-06-07,11667.7001953125
1802,2017-06-08,11679.0
1803,2017-06-09,11744.7001953125
1804,2017-06-12,11746.5
1805,2017-06-13,11796.7998046875
1806,2017-06-14,11779.7998046875
1807,2017-06-15,11740.5
1808,2017-06-16,11772.0
1809,2017-06-19,11833.2998046875
1810,2017-06-20,11739.0
1811,2017-06-21,11696.2998046875
1812,2017-06-22,11712.5
1813,2017-06-23,11733.2001953125
1814,2017-06-26,11758.900390625
1815,2017-06-27,11716.900390625
1816,2017-06-28,11812.7998046875
1817,2017-06-29,11740.0
1818,2017-06-30,11761.7001953125
1819,2017-07-03,11835.7001953125
1820,2017-07-05,11809.5
1821,2017-07-06,11702.400390625
1822,2017-07-07,11753.0
1823,2017-07-10,11751.7998046875
1824,2017-07-11,11744.7998046875
1825,2017-07-12,11825.900390625
1826,2017-07-13,11844.599609375
1827,2017-07-14,11897.2998046875
1828,2017-07-17,11890.5
1829,2017-07-18,11877.400390625
1830,2017-07-19,11941.2998046875
1831,2017-07-20,11944.5
1832,2017-07-21,11924.599609375
1833,2017-07-24,11904.7001953125
1834,2017-07-25,11965.7001953125
1835,2017-07-26,11964.900390625
1836,2017-07-27,11963.2001953125
1837,2017-07-28,11954.7001953125
1838,2017-07-31,11967.7001953125
1839,2017-08-01,12000.0
1840,2017-08-02,11979.400390625
1841,2017-08-03,11956.5
1842,2017-08-04,11984.900390625
1843,2017-08-07,11987.7998046875
1844,2017-08-08,11950.0
1845,2017-08-09,11929.5
1846,2017-08-10,11771.599609375
1847,2017-08-11,11763.2001953125
1848,2017-08-14,11856.099609375
1849,2017-08-15,11843.5
1850,2017-08-16,11868.7998046875
1851,2017-08-17,11712.7001953125
1852,2017-08-18,11699.7998046875
1853,2017-08-21,11719.2998046875
1854,2017-08-22,11805.2998046875
1855,2017-08-23,11785.900390625
1856,2017-08-24,11773.7998046875
1857,2017-08-25,11812.0
1858,2017-08-28,11800.2001953125
1859,2017-08-29,11791.900390625
1860,2017-08-30,11805.099609375
1861,2017-08-31,11875.7001953125
1862,2017-09-01,11918.099609375
1863,2017-09-05,11827.2001953125
1864,2017-09-06,11872.900390625
1865,2017-09-07,11879.599609375
1866,2017-09-08,11888.0
1867,2017-09-11,12010.2998046875
1868,2017-09-12,12057.099609375
1869,2017-09-13,12055.2001953125
1870,2017-09-14,12062.599609375
1871,2017-09-15,12080.099609375
1872,2017-09-18,12111.5
1873,2017-09-19,12131.7001953125
1874,2017-09-20,12147.5
1875,2017-09-21,12133.599609375
1876,2017-09-22,12151.7998046875
1877,2017-09-25,12141.599609375
1878,2017-09-26,12127.900390625
1879,2017-09-27,12157.7001953125
1880,2017-09-28,12179.2998046875
1881,2017-09-29,12209.2001953125
1882,2017-10-02,12264.7001953125
1883,2017-10-03,12302.900390625
1884,2017-10-04,12304.7001953125
1885,2017-10-05,12338.900390625
1886,2017-10-06,12317.7001953125
1887,2017-10-09,12294.0
1888,2017-10-10,12346.599609375
1889,2017-10-11,12362.099609375
1890,2017-10-12,12338.7001953125
1891,2017-10-13,12352.0
1892,2017-10-16,12359.5
1893,2017-10-17,12350.0
1894,2017-10-18,12371.0
1895,2017-10-19,12380.2998046875
1896,2017-10-20,12430.5
1897,2017-10-23,12384.400390625
1898,2017-10-24,12405.0
1899,2017-10-25,12336.599609375
1900,2017-10-26,12352.400390625
1901,2017-10-27,12366.400390625
1902,2017-10-30,12319.5
1903,2017-10-31,12341.0
1904,2017-11-01,12362.900390625
1905,2017-11-02,12373.0
1906,2017-11-03,12373.099609375
1907,2017-11-06,12400.900390625
1908,2017-11-07,12371.2001953125
1909,2017-11-08,12384.7001953125
1910,2017-11-09,12339.7001953125
1911,2017-11-10,12322.599609375
1912,2017-11-13,12316.7998046875
1913,2017-11-14,12280.099609375
1914,2017-11-15,12220.2998046875
1915,2017-11-16,12303.2998046875
1916,2017-11-17,12302.900390625
1917,2017-11-20,12320.7998046875
1918,2017-11-21,12385.900390625
1919,2017-11-22,12390.7998046875
1920,2017-11-24,12421.900390625
1921,2017-11-27,12390.7998046875
1922,2017-11-28,12520.2001953125
1923,2017-11-29,12561.2998046875
1924,2017-11-30,12627.7998046875
1925,2017-12-01,12614.599609375
1926,2017-12-04,12634.900390625
1927,2017-12-05,12567.2001953125
1928,2017-12-06,12532.400390625
1929,2017-12-07,12569.0
1930,2017-12-08,12643.099609375
1931,2017-12-11,12668.2001953125
1932,2017-12-12,12697.7998046875
1933,2017-12-13,12699.5
1934,2017-12-14,12629.099609375
1935,2017-12-15,12699.7001953125
1936,2017-12-18,12785.7998046875
1937,2017-12-19,12747.5
1938,2017-12-20,12747.599609375
1939,2017-12-21,12800.2001953125
1940,2017-12-22,12797.400390625
1941,2017-12-26,12808.900390625
1942,2017-12-27,12822.0
1943,2017-12-28,12853.099609375
1944,2017-12-29,12808.7998046875
1945,2018-01-02,12902.7001953125
1946,2018-01-03,12957.2998046875
1947,2018-01-04,13028.5
1948,2018-01-05,13103.2001953125
1949,2018-01-08,13114.2998046875
1950,2018-01-09,13120.7998046875
1951,2018-01-10,13106.599609375
1952,2018-01-11,13210.7998046875
1953,2018-01-12,13294.2998046875
1954,2018-01-16,13246.900390625
1955,2018-01-17,13352.400390625
1956,2018-01-18,13315.900390625
1957,2018-01-19,13384.5
1958,2018-01-22,13470.400390625
1959,2018-01-23,13474.099609375
1960,2018-01-24,13507.7001953125
1961,2018-01-25,13512.7001953125
1962,2018-01-26,13637.0
1963,2018-01-29,13524.7001953125
1964,2018-01-30,13375.5
1965,2018-01-31,13368.0
1966,2018-02-01,13382.0
1967,2018-02-02,13085.2998046875
1968,2018-02-05,12572.900390625
1969,2018-02-06,12745.5
1970,2018-02-07,12687.2001953125
1971,2018-02-08,12270.599609375
1972,2018-02-09,12405.7998046875
1973,2018-02-12,12560.099609375
1974,2018-02-13,12574.400390625
1975,2018-02-14,12746.7001953125
1976,2018-02-15,12856.900390625
1977,2018-02-16,12874.400390625
1978,2018-02-20,12763.2998046875
1979,2018-02-21,12695.5
1980,2018-02-22,12711.7001953125
1981,2018-02-23,12884.099609375
1982,2018-02-26,12999.599609375
1983,2018-02-27,12819.2001953125
1984,2018-02-28,12652.5
1985,2018-03-01,12518.7001953125
1986,2018-03-02,12558.0
1987,2018-03-05,12680.7001953125
1988,2018-03-06,12720.7998046875
1989,2018-03-07,12707.0
1990,2018-03-08,12745.0
1991,2018-03-09,12918.7998046875
1992,2018-03-12,12898.400390625
1993,2018-03-13,12831.7998046875
1994,2018-03-14,12762.7001953125
1995,2018-03-15,12743.599609375
1996,2018-03-16,12784.400390625
1997,2018-03-19,12651.5
1998,2018-03-20,12663.599609375
1999,2018-03-21,12683.7001953125
2000,2018-03-22,12377.400390625
2001,2018-03-23,12177.7001953125
2002,2018-03-26,12433.2001953125
2003,2018-03-27,12302.5
2004,2018-03-28,12308.900390625
2005,2018-03-29,12452.099609375
2006,2018-04-02,12216.7001953125
2007,2018-04-03,12367.099609375
2008,2018-04-04,12466.400390625
2009,2018-04-05,12571.900390625
2010,2018-04-06,12349.099609375
2011,2018-04-09,12380.5
2012,2018-04-10,12566.0
2013,2018-04-11,12514.599609375
2014,2018-04-12,12580.2001953125
2015,2018-04-13,12546.0
2016,2018-04-16,12628.2001953125
2017,2018-04-17,12705.7998046875
2018,2018-04-18,12732.7998046875
2019,2018-04-19,12671.5
2020,2018-04-20,12607.2001953125
2021,2018-04-23,12610.7998046875
2022,2018-04-24,12514.0
2023,2018-04-25,12517.900390625
2024,2018-04-26,12582.900390625
2025,2018-04-27,12594.0
2026,2018-04-30,12515.400390625
2027,2018-05-01,12493.0
2028,2018-05-02,12418.099609375
2029,2018-05-03,12392.5
2030,2018-05-04,12493.2998046875
2031,2018-05-07,12519.7998046875
2032,2018-05-08,12520.2001953125
2033,2018-05-09,12632.5
2034,2018-05-10,12731.599609375
2035,2018-05-11,12761.7998046875
2036,2018-05-14,12772.0
2037,2018-05-15,12704.599609375
2038,2018-05-16,12743.7998046875
2039,2018-05-17,12747.7998046875
2040,2018-05-18,12717.400390625
2041,2018-05-21,12804.0
2042,2018-05-22,12766.7001953125
2043,2018-05-23,12743.400390625
2044,2018-05-24,12696.7001953125
2045,2018-05-25,12634.900390625
2046,2018-05-29,12442.7001953125
2047,2018-05-30,12625.900390625
2048,2018-05-31,12527.099609375
2049,2018-06-01,12620.7998046875
2050,2018-06-04,12673.900390625
2051,2018-06-05,12658.7001953125
2052,2018-06-06,12778.2001953125
2053,2018-06-07,12788.5
2054,2018-06-08,12832.099609375
2055,2018-06-11,12857.0
2056,2018-06-12,12844.7001953125
2057,2018-06-13,12785.5
2058,2018-06-14,12772.0
2059,2018-06-15,12734.599609375
2060,2018-06-18,12708.599609375
2061,2018-06-19,12639.0
2062,2018-06-20,12648.7001953125
2063,2018-06-21,12560.2001953125
2064,2018-06-22,12639.599609375
2065,2018-06-25,12481.599609375
2066,2018-06-26,12510.5
2067,2018-06-27,12412.099609375
2068,2018-06-28,12476.0
2069,2018-06-29,12504.2998046875
2070,2018-07-02,12485.599609375
2071,2018-07-03,12494.7001953125
2072,2018-07-05,12585.2001953125
2073,2018-07-06,12664.900390625
2074,2018-07-09,12776.900390625
2075,2018-07-10,12814.599609375
2076,2018-07-11,12681.599609375
2077,2018-07-12,12761.5
2078,2018-07-13,12769.5
2079,2018-07-16,12748.7998046875
2080,2018-07-17,12779.2001953125
2081,2018-07-18,12823.2001953125
2082,2018-07-19,12786.5
2083,2018-07-20,12789.900390625
2084,2018-07-23,12794.0
2085,2018-07-24,12847.5
2086,2018-07-25,12933.599609375
2087,2018-07-26,12953.400390625
2088,2018-07-27,12921.2998046875
2089,2018-07-30,12903.400390625
2090,2018-07-31,12963.2998046875
2091,2018-08-01,12902.400390625
2092,2018-08-02,12898.099609375
2093,2018-08-03,12953.2998046875
2094,2018-08-06,12964.2998046875
2095,2018-08-07,12999.599609375
2096,2018-08-08,12987.900390625
2097,2018-08-09,12956.7001953125
2098,2018-08-10,12843.5
2099,2018-08-13,12763.7001953125
2100,2018-08-14,12835.2998046875
2101,2018-08-15,12723.099609375
2102,2018-08-16,12841.2998046875
2103,2018-08-17,12908.2998046875
2104,2018-08-20,12965.099609375
2105,2018-08-21,12996.7998046875
2106,2018-08-22,12990.5
2107,2018-08-23,12933.5
2108,2018-08-24,12999.400390625
2109,2018-08-27,13102.0
2110,2018-08-28,13084.7998046875
2111,2018-08-29,13132.2001953125
2112,2018-08-30,13039.900390625
2113,2018-08-31,13016.900390625
2114,2018-09-04,12969.900390625
2115,2018-09-05,12968.5
2116,2018-09-06,12938.900390625
2117,2018-09-07,12911.099609375
2118,2018-09-10,12928.7001953125
2119,2018-09-11,12952.2998046875
2120,2018-09-12,12990.099609375
2121,2018-09-13,13034.599609375
2122,2018-09-14,13050.5
2123,2018-09-17,13031.900390625
2124,2018-09-18,13092.0
2125,2018-09-19,13122.0
2126,2018-09-20,13225.099609375
2127,2018-09-21,13236.400390625
2128,2018-09-24,13162.099609375
2129,2018-09-25,13160.599609375
2130,2018-09-26,13102.0
2131,2018-09-27,13105.7001953125
2132,2018-09-28,13082.5
2133,2018-10-01,13125.400390625
2134,2018-10-02,13106.0
2135,2018-10-03,13118.5
2136,2018-10-04,13042.2998046875
2137,2018-10-05,12991.900390625
2138,2018-10-08,13000.099609375
2139,2018-10-09,12960.5
2140,2018-10-10,12622.099609375
2141,2018-10-11,12349.5
2142,2018-10-12,12439.400390625
2143,2018-10-15,12425.7001953125
2144,2018-10-16,12645.900390625
2145,2018-10-17,12613.099609375
2146,2018-10-18,12445.5
2147,2018-10-19,12457.2998046875
2148,2018-10-22,12374.7998046875
2149,2018-10-23,12287.400390625
2150,2018-10-24,11969.7001953125
2151,2018-10-25,12118.7998046875
2152,2018-10-26,11976.900390625
2153,2018-10-29,11942.5
2154,2018-10-30,12129.900390625
2155,2018-10-31,12208.099609375
2156,2018-11-01,12356.5
2157,2018-11-02,12321.7998046875
2158,2018-11-05,12424.2998046875
2159,2018-11-06,12480.099609375
2160,2018-11-07,12679.099609375
2161,2018-11-08,12622.0
2162,2018-11-09,12537.5
2163,2018-11-12,12343.5
2164,2018-11-13,12328.2998046875
2165,2018-11-14,12275.5
2166,2018-11-15,12361.5
2167,2018-11-16,12400.2998046875
2168,2018-11-19,12280.900390625
2169,2018-11-20,12048.7001953125
2170,2018-11-21,12123.2998046875
2171,2018-11-23,12036.2001953125
2172,2018-11-26,12181.599609375
2173,2018-11-27,12188.099609375
2174,2018-11-28,12417.599609375
2175,2018-11-29,12389.400390625
2176,2018-11-30,12457.5
2177,2018-12-03,12577.5
2178,2018-12-04,12222.0
2179,2018-12-06,12144.400390625
2180,2018-12-07,11941.900390625
2181,2018-12-10,11889.2998046875
2182,2018-12-11,11860.7001953125
2183,2018-12-12,11943.2998046875
2184,2018-12-13,11936.2001953125
2185,2018-12-14,11755.400390625
2186,2018-12-17,11532.099609375
2187,2018-12-18,11502.2001953125
2188,2018-12-19,11371.7998046875
2189,2018-12-20,11222.7998046875
2190,2018-12-21,11036.7998046875
2191,2018-12-24,10769.7998046875
2192,2018-12-26,11204.099609375
2193,2018-12-27,11285.2998046875
2194,2018-12-28,11291.0
2195,2018-12-31,11374.400390625
2196,2019-01-02,11383.5
2197,2019-01-03,11190.400390625
2198,2019-01-07,11606.0
2199,2019-01-08,11716.2001953125
2200,2019-01-09,11778.400390625
2201,2019-01-10,11839.2998046875
2202,2019-01-11,11848.0
2203,2019-01-14,11799.099609375
2204,2019-01-15,11868.7001953125
2205,2019-01-16,11907.599609375
2206,2019-01-17,11994.5
2207,2019-01-18,12151.7998046875
2208,2019-01-22,11999.400390625
2209,2019-01-23,12020.900390625
2210,2019-01-24,12029.5
2211,2019-01-25,12127.2001953125
2212,2019-01-28,12065.099609375
2213,2019-01-29,12090.7998046875
2214,2019-01-30,12222.400390625
2215,2019-01-31,12299.0
2216,2019-02-01,12329.7001953125
2217,2019-02-04,12381.7998046875
2218,2019-02-05,12428.2998046875
2219,2019-02-06,12398.7001953125
2220,2019-02-07,12295.2001953125
2221,2019-02-08,12292.099609375
2222,2019-02-11,12297.900390625
2223,2019-02-12,12438.400390625
2224,2019-02-13,12474.900390625
2225,2019-02-14,12440.2001953125
2226,2019-02-15,12603.5
2227,2019-02-20,12673.7001953125
2228,2019-02-21,12621.7998046875
2229,2019-02-22,12694.5
2230,2019-02-25,12700.2001953125
2231,2019-02-26,12686.599609375
2232,2019-02-27,12689.900390625
2233,2019-02-28,12644.7998046875
2234,2019-03-01,12700.7001953125
2235,2019-03-04,12637.2998046875
2236,2019-03-05,12624.5
2237,2019-03-06,12538.0
2238,2019-03-07,12443.400390625
2239,2019-03-08,12415.099609375
2240,2019-03-11,12561.2998046875
2241,2019-03-12,12582.7998046875
2242,2019-03-13,12674.2998046875
2243,2019-03-14,12660.2001953125
